
{
  "type": "AdaptiveCard",
  "version": "1.5",
  "body": [
    {
      "type": "TextBlock",
      "text": "${Title}",
      "weight": "Bolder",
      "size": "Medium"
    },
    {
      "type": "TextBlock",
      "text": "${Summary}",
      "wrap": true
    },
    {
      "type": "TextBlock",
      "text": "**Product Family:** ${ProductFamily} | **Error Code:** ${ErrorCode}",
      "wrap": true
    }
  ],
  "actions": [
    {
      "type": "Action.OpenUrl",
      "title": "View Full Bulletin",
      "url": "${SharePointLink}"
    }
  ]
}
