{
  "$schema": "http://adaptivecards.io/schemas/adaptive-card.json",
  "type": "AdaptiveCard",
  "version": "1.4",
  "body": [
    {
      "type": "TextBlock",
      "text": "Welcome to SIAConnect",
      "weight": "Bolder",
      "size": "Large"
    },
    {
      "type": "TextBlock",
      "text": "Before we get started, please review our internal use terms.",
      "wrap": true
    },
    {
      "type": "TextBlock",
      "text": "By continuing to use this assistant, you acknowledge the Privacy Statement and Services Agreement.",
      "wrap": true
    },
    {
      "type": "TextBlock",
      "text": "[View Privacy Statement](https://example.com/privacy) | [View Services Agreement](https://example.com/services)",
      "wrap": true,
      "color": "Accent"
    }
  ],
  "actions": [
    {
      "type": "Action.Submit",
      "title": "Accept",
      "data": {
        "action": "acknowledge"
      }
    }
  ]
}