{"name":"8f480459-10b3-84e4-d371-23b4ff27ecdb","id":"/providers/Microsoft.Flow/flows/8f480459-10b3-84e4-d371-23b4ff27ecdb","type":"Microsoft.Flow/flows","properties":{"apiId":"/providers/Microsoft.PowerApps/apis/shared_logicflows","displayName":"SIAConnect -> SharePoint HTTP File Search","definition":{"metadata":{"workflowEntityId":"c378e2d9-6d06-f011-bae2-7c1e5265170a","processAdvisorMetadata":null,"flowChargedByPaygo":null,"flowclientsuspensionreason":"None","flowclientsuspensiontime":null,"flowclientsuspensionreasondetails":null,"creator":{"id":"61bb406c-cce5-4a0d-ac14-4b8987c960b0","type":"User","tenantId":"28825646-ef41-4c9b-b69e-305d76fc24e5"},"provisioningMethod":"FromDefinition","failureAlertSubscription":true,"clientLastModifiedTime":"2025-03-30T21:11:43.1156179Z","connectionKeySavedTimeKey":"2025-03-30T21:11:43.1156179Z","creationSource":null,"openai-isconsequential":true},"$schema":"https://schema.management.azure.com/providers/Microsoft.Logic/schemas/2016-06-01/workflowdefinition.json#","contentVersion":"1.0.0.0","parameters":{"$authentication":{"defaultValue":{},"type":"SecureObject"},"$connections":{"defaultValue":{},"type":"Object"}},"triggers":{"manual":{"metadata":{"operationMetadataId":"b8f61c18-7224-4f8a-9c5f-72fbce5df764"},"type":"Request","kind":"Skills","inputs":{"schema":{"type":"object","properties":{"text":{"description":"{Global.siaSearchQuery}","title":"siaSearchQuery","type":"string","x-ms-content-hint":"TEXT","x-ms-dynamically-added":true}},"required":["text"]}}}},"actions":{"Send_an_HTTP_request_to_SharePoint":{"runAfter":{"Initialize_variable":["Succeeded"]},"type":"OpenApiConnection","inputs":{"parameters":{"dataset":"https://gloryglobal.sharepoint.com/sites/RGN-NAM-Products","parameters/method":"GET","parameters/uri":"_api/search/query?querytext='@{triggerBody()?['text']}'&trimduplicates=false","parameters/headers":{"Accept":"application/json;odata=verbose","Content-Type":"application/json"}},"host":{"apiId":"/providers/Microsoft.PowerApps/apis/shared_sharepointonline","connectionName":"shared_sharepointonline","operationId":"HttpRequest"},"authentication":{"value":"@json(decodeBase64(triggerOutputs().headers['X-MS-APIM-Tokens']))['$ConnectionKey']","type":"Raw"}}},"Parse_JSON":{"runAfter":{"Send_an_HTTP_request_to_SharePoint":["Succeeded"]},"type":"ParseJson","inputs":{"content":"@outputs('Send_an_HTTP_request_to_SharePoint')?['body']","schema":{"type":"object","properties":{"body":{"type":"object","properties":{"d":{"type":"object","properties":{"query":{"type":"object","properties":{"__metadata":{"type":"object","properties":{"type":{"type":"string"}}},"ElapsedTime":{"type":"integer"},"PrimaryQueryResult":{"type":"object","properties":{"__metadata":{"type":"object","properties":{"type":{"type":"string"}}},"CustomResults":{"type":"object","properties":{"__metadata":{"type":"object","properties":{"type":{"type":"string"}}},"results":{"type":"array"}}},"QueryId":{"type":"string"},"QueryRuleId":{"type":"string"},"RefinementResults":{},"RelevantResults":{"type":"object","properties":{"__metadata":{"type":"object","properties":{"type":{"type":"string"}}},"GroupTemplateId":{},"ItemTemplateId":{},"Properties":{"type":"object","properties":{"__metadata":{"type":"object","properties":{"type":{"type":"string"}}},"results":{"type":"array","items":{"type":"object","properties":{"Key":{"type":"string"},"Value":{"type":"string"},"ValueType":{"type":"string"}},"required":["Key","Value","ValueType"]}}}},"ResultTitle":{},"ResultTitleUrl":{},"RowCount":{"type":"integer"},"Table":{"type":"object","properties":{"__metadata":{"type":"object","properties":{"type":{"type":"string"}}},"Rows":{"type":"object","properties":{"results":{"type":"array","items":{"type":"object","properties":{"__metadata":{"type":"object","properties":{"type":{"type":"string"}}},"Cells":{"type":"object","properties":{"results":{"type":"array","items":{"type":"object","properties":{"__metadata":{"type":"object","properties":{"type":{"type":"string"}}},"Key":{"type":"string"},"Value":{"type":"string"},"ValueType":{"type":"string"}},"required":["__metadata","Key","Value","ValueType"]}}}}},"required":["__metadata","Cells"]}}}}}},"TotalRows":{"type":"integer"},"TotalRowsIncludingDuplicates":{"type":"integer"}}},"SpecialTermResults":{}}},"Properties":{"type":"object","properties":{"__metadata":{"type":"object","properties":{"type":{"type":"string"}}},"results":{"type":"array","items":{"type":"object","properties":{"Key":{"type":"string"},"Value":{"type":"string"},"ValueType":{"type":"string"}},"required":["Key","Value","ValueType"]}}}},"SecondaryQueryResults":{"type":"object","properties":{"__metadata":{"type":"object","properties":{"type":{"type":"string"}}},"results":{"type":"array"}}},"SpellingSuggestion":{},"TriggeredRules":{"type":"object","properties":{"__metadata":{"type":"object","properties":{"type":{"type":"string"}}},"results":{"type":"array"}}}}}}}}}}}}},"Respond_to_Copilot":{"runAfter":{"Terminate":["Succeeded"]},"metadata":{"operationMetadataId":"81c94f73-dd52-465c-ad3b-a4686da63cc3"},"type":"Response","kind":"Skills","inputs":{"schema":{"type":"object","properties":{"siasearchresults":{"title":"siaSearchResults","description":"","type":"string","x-ms-content-hint":"TEXT","x-ms-dynamically-added":true}},"additionalProperties":{}},"statusCode":200,"body":{"siasearchresults":"{\\n\\\"siaSearchResults\\\": [\\n{\\n\\\"Title\\\": \\\"Document Name 1\\\",\\n\\\"Link\\\": \\\"https://example.com/doc1\\\"\\n},\\n{\\n\\\"Title\\\": \\\"Document Name 2\\\",\\n\\\"Link\\\": \\\"https://example.com/doc2\\\"\\n}\\n]\\n}"}}},"Initialize_variable":{"runAfter":{},"type":"InitializeVariable","inputs":{"variables":[{"name":"siaSearchResults","type":"string","value":""}]}},"Compose":{"runAfter":{"Parse_JSON":["Succeeded"]},"type":"Compose","inputs":"@body('Parse_JSON')?['body']?['d']?['query']?['PrimaryQueryResult']?['RelevantResults']?['Table']?['Rows']?['results']"},"Terminate":{"runAfter":{"Compose":["Succeeded"]},"type":"Terminate","inputs":{"runStatus":"Failed"}}},"outputs":{}},"connectionReferences":{"shared_sharepointonline":{"connectionName":"5966c6a137f2494d8bef5c6addc20149","source":"Invoker","id":"/providers/Microsoft.PowerApps/apis/shared_sharepointonline","tier":"NotSpecified","apiName":"sharepointonline"}},"flowFailureAlertSubscribed":false,"isManaged":false}}